"cnpj","nome_coop","auditorIndependente"
5790149,"CENTRAL COOPERATIVA DE CRÉDITO NO ESTADO DO ESPÍRITO SANTO - CECOOP","MOORE PRISMA AUDITORES INDEPENDENTES"
5790149,"CENTRAL COOPERATIVA DE CRÉDITO NO ESTADO DO ESPÍRITO SANTO - CECOOP","MOORE PRISMA AUDITORES INDEPENDENTES"
309024,"CENTRAL DAS COOPERATIVAS DE ECONOMIA E CREDITO DO ESTADO DE MINAS GERAIS LTDA. - SICOOB CENTRAL CECREMGE","AUDSERVICE-AUDITORES ASSOCIADOS S/C"
1634601,"CENTRAL DE COOPERATIVAS DE ECONOMIA E CRÉDITO MÚTUO DO ESTADO DO RIO GRANDE DO SUL LTDA - UNICRED CENTRAL RS","ERNST & YOUNG AUDITORES INDEPENDENTES S/S"
10398952,"CONFEDERAÇÃO NACIONAL DAS COOPERATIVAS CENTRAIS DE CRÉDITO E ECONOMIA FAMILIAR E SOLIDÁRIA - CRESOL CONFEDERAÇÃO","PRICEWATERHOUSECOOPERS AUDITORES INDEPENDENTES"
315557,"CONFEDERAÇÃO NACIONAL DAS COOPERATIVAS CENTRAIS UNICRED LTDA. - UNICRED DO BRASIL.","ERNST & YOUNG AUDITORES INDEPENDENTES S/S"
44469161,"COOPECREDI GUARIBA - COOPERATIVA DE CREDITO","MOORE PRISMA AUDITORES INDEPENDENTES"
88325113,"COOPERATIVA    DE    ECONOMIA    E    CRÉDITO   MÚTUO  MINUANO","LINEAR AUDITORES INDEPENDENTES SOCIEDADE SIMPLES"
21198087,"COOPERATIVA CENTRAL DE CREDITO RURAL COM INTERAÇÃO SOLIDÁRIA   CENTRAL CRESOL SICOPER","PRICEWATERHOUSECOOPERS AUDITORES INDEPENDENTES"
5463212,"COOPERATIVA CENTRAL DE CRÉDITO - AILOS","ERNST & YOUNG AUDITORES INDEPENDENTES S/S"
1401771,"COOPERATIVA CENTRAL DE CRÉDITO COM INTERAÇÃO SOLIDÁRIA - CENTRAL CRESOL BASER","PRICEWATERHOUSECOOPERS AUDITORES INDEPENDENTES"
10013534,"COOPERATIVA CENTRAL DE CRÉDITO DA AGRICULTURA FAMILIAR E ECONOMIA SOLIDÁRIA - ASCOOB CENTRAL","IDERALDO LUIZ AGOSTINHO DE MORAES"
34148882,"COOPERATIVA CENTRAL DE CRÉDITO DA BAHIA LTDA  SICOOB CENTRAL BA","BAUER AUDITORES ASSOCIADOS"
25683434,"COOPERATIVA CENTRAL DE CRÉDITO DE MINAS GERAIS LTDA. - SICOOB CENTRAL CREDIMINAS","PRICEWATERHOUSECOOPERS AUDITORES INDEPENDENTES"
63917579,"COOPERATIVA CENTRAL DE CRÉDITO DO ESTADO DE SÃO PAULO - SICOOB SÃO PAULO","ERNST & YOUNG AUDITORES INDEPENDENTES S/S"
3502131,"COOPERATIVA CENTRAL DE CRÉDITO DO NORTE DO BRASIL - SICOOB NORTE","AUDICONSULT AUDITORES SS"
7202627,"COOPERATIVA CENTRAL DE CRÉDITO RURAL COM INTERAÇÃO SOLIDÁRIA - CRESOL CENTRAL SC/RS","MOORE PRISMA AUDITORES INDEPENDENTES"
543968,"COOPERATIVA CENTRAL DE CRÉDITO UNICRED CONEXÃO LTDA - UNICRED CENTRAL CONEXÃO","ERNST & YOUNG AUDITORES INDEPENDENTES S/S"
33737818,"COOPERATIVA CENTRAL DE CRÉDITO, POUPANÇA E INVESTIMENTO DE MATO GROSSO DO SUL, GOIÁS, DISTRITO FEDERAL E TOCANTINS  CENTRAL SICREDI BRASIL CENTRAL","ERNST & YOUNG AUDITORES INDEPENDENTES S/S"
33667205,"COOPERATIVA CENTRAL DE CRÉDITO, POUPANÇA E INVESTIMENTO DO CENTRO NORTE DO BRASIL - CENTRAL SICREDI CENTRO NORTE","ERNST & YOUNG AUDITORES INDEPENDENTES S/S"
70119680,"COOPERATIVA CENTRAL DE CRÉDITO, POUPANÇA E INVESTIMENTO DO NORTE/NORDESTE - CENTRAL SICREDI NORTE/NORDESTE","ERNST & YOUNG AUDITORES INDEPENDENTES S/S"
87437687,"COOPERATIVA CENTRAL DE CRÉDITO, POUPANÇA E INVESTIMENTO DO SUL E SUDESTE - CENTRAL SICREDI SUL/SUDESTE","ERNST & YOUNG AUDITORES INDEPENDENTES S/S"
80230774,"COOPERATIVA CENTRAL DE CRÉDITO, POUPANÇA E INVESTIMENTO DOS ESTADOS DO PARANÁ, SÃO PAULO E RIO DE JANEIRO - CENTRAL SICREDI PR/SP/RJ","ERNST & YOUNG AUDITORES INDEPENDENTES S/S"
86774775,"COOPERATIVA CENTRAL DE ECONOMIA E CRÉDITO MÚTUO DAS UNICREDS DO ESTADO DO RIO DE JANEIRO E DO MATO GROSSO LTDA   UNICRED CENTRAL RJ/MT","ERNST & YOUNG AUDITORES INDEPENDENTES S/S"
51010858,"COOPERATIVA DE CAPITAL E EMPRÉSTIMO COOPERMULTICRED - COOPERMC","PADRAO AUDITORIA S/S"
3128973,"COOPERATIVA DE CREDITO , POUPANÇA E INVESTIMENTO DO ESTADO DO PIAUÍ - SICREDI PIAUÍ","ERNST & YOUNG AUDITORES INDEPENDENTES S/S"
971300,"COOPERATIVA DE CREDITO COM INTERACAO SOLIDARIA PIONEIRA - CRESOL PIONEIRA","PRICEWATERHOUSECOOPERS AUDITORES INDEPENDENTES"
966246,"COOPERATIVA DE CREDITO CREDICERIPA - SICOOB CREDICERIPA","MOORE PRISMA AUDITORES INDEPENDENTES"
54037916,"COOPERATIVA DE CREDITO CREDICITRUS","ERNST & YOUNG AUDITORES INDEPENDENTES S/S"
1604998,"COOPERATIVA DE CREDITO DE LIVRE ADMISSÃO DO SUL DE MINAS LTDA - SICOOB CREDIVASS","BAUER AUDITORES ASSOCIADOS"
968602,"COOPERATIVA DE CREDITO DE LIVRE ADMISSÃO DO VALE DO SÃO PATRICIO LTDA.","PRICEWATERHOUSECOOPERS AUDITORES INDEPENDENTES"
53776852,"COOPERATIVA DE CREDITO DOS FORNECEDORES DE CANA E DEMAIS PRODUTORES RURAIS DO CENTRO DO ESTADO DE SAO PAULO - CREDICENTRO","SACHO - AUDITORES INDEPENDENTES"
71432926,"COOPERATIVA DE CREDITO DOS PROFISSIONAIS DE SAUDE DO TRIANGULO MINEIRO E SUL DE MINAS LTDA.-UNICRED PROGRESSO","SACHO - AUDITORES INDEPENDENTES"
27302181,"COOPERATIVA DE CREDITO DOS SERVIDORES DA UNIVERSIDADE FEDERAL DO ESPIRITO SANTO","HUGO FRANCISCO SACHO"
4281182,"COOPERATIVA DE CREDITO E ECONOMIA COM INTERACAO SOLIDARIA DE CHAPECO - CRESOL CHAPECO","MOORE PRISMA AUDITORES INDEPENDENTES"
73254757,"COOPERATIVA DE CREDITO E ECONOMIA COM INTERAÇÃO SOLIDARIA DE QUILOMBO - CRESOL QUILOMBO","MOORE PRISMA AUDITORES INDEPENDENTES"
63229629,"COOPERATIVA DE CREDITO RURAL ASCOOB SISAL","IDERALDO LUIZ AGOSTINHO DE MORAES"
5220232,"COOPERATIVA DE CREDITO RURAL COM INTERACAO SOLIDARIA CONEXÕES -CRESOL CONEXÕES","PRICEWATERHOUSECOOPERS AUDITORES INDEPENDENTES"
5220243,"COOPERATIVA DE CREDITO RURAL COM INTERACAO SOLIDARIA DE SARANDI-CRESOL SARANDI","PRICEWATERHOUSECOOPERS AUDITORES INDEPENDENTES"
32422628,"COOPERATIVA DE CREDITO RURAL DE GUACUI - CREDIGUAÇUÍ","LINEAR AUDITORES INDEPENDENTES SOCIEDADE SIMPLES"
8240446,"COOPERATIVA DE CREDITO RURAL DE IBIAM - SULCREDI/IBIAM","LINEAR AUDITORES INDEPENDENTES SOCIEDADE SIMPLES"
26563270,"COOPERATIVA DE CREDITO RURAL DE PRIMAVERA DO LESTE","FABIO EDUARDO DE ALMEIDA BAUER"
3485130,"COOPERATIVA DE CREDITO RURAL E ECONOMIA COM INTERAÇÃO SOLIDARIA DAS ENCOSTAS DA SERRA GERAL  CRESOL ENCOSTAS DA SERRA GERAL","MOORE PRISMA AUDITORES INDEPENDENTES"
7958405,"COOPERATIVA DE CREDITO RURAL E ECONOMIA COM INTERAÇÃO SOLIDARIA DE RIO FORTUNA - CRESOL RIO FORTUNA","MOORE PRISMA AUDITORES INDEPENDENTES"
9488496,"COOPERATIVA DE CREDITO RURAL E ECONOMIA COM INTERAÇÃO SOLIDARIA DE SÃO JOÃO DO SUL - CRESOL SÃO JOÃO DO SUL","MOORE PRISMA AUDITORES INDEPENDENTES"
9330158,"COOPERATIVA DE CREDITO RURAL E ECONOMIA COM INTERAÇÃO SOLIDARIA DE TREZE DE MAIO - CRESOL TREZE DE MAIO","MOORE PRISMA AUDITORES INDEPENDENTES"
5428587,"COOPERATIVA DE CREDITO RURAL E ECONOMIA COM INTERAÇÃO SOLIDÁRIA DE OLIVEIRA DOS BREJINHOS - CRESOL OLIVEIRA DOS BREJINHOS","MOORE PRISMA AUDITORES INDEPENDENTES"
82639451,"COOPERATIVA DE CREDITO VALE DO ITAJAI - VIACREDI","ERNST & YOUNG AUDITORES INDEPENDENTES S/S"
70038237,"COOPERATIVA DE CRÉDITO - SICREDI RIO GRANDE DO NORTE","ERNST & YOUNG AUDITORES INDEPENDENTES S/S"
42873828,"COOPERATIVA DE CRÉDITO AGROCREDI LTDA. - SICOOB AGROCREDI","PRICEWATERHOUSECOOPERS AUDITORES INDEPENDENTES"
21110927,"COOPERATIVA DE CRÉDITO CLÁSSICA DOS FUNCIONÁRIOS E PRESTADORES DE SERVIÇOS DAS EMPRESAS LIGADAS AO GRUPO EUCATUR LTDA. - SICOOB EUCRED","MOORE PRISMA AUDITORES INDEPENDENTES"
44401800,"COOPERATIVA DE CRÉDITO COGEM","PADRAO AUDITORIA S/S"
11969853,"COOPERATIVA DE CRÉDITO COM INTERAÇÃO SOLIDÁRIA DA COSTA OESTE - CRESOL COSTA OESTE","PRICEWATERHOUSECOOPERS AUDITORES INDEPENDENTES"
4490531,"COOPERATIVA DE CRÉDITO COM INTERAÇÃO SOLIDÁRIA DE GOIÁS - CRESOL GOIÁS","ANEND AUDITORES INDEPENDENTES"
8624548,"COOPERATIVA DE CRÉDITO COM INTERAÇÃO SOLIDÁRIA DE MINAS GERAIS - CRESOL MINAS GERAIS","PRICEWATERHOUSECOOPERS AUDITORES INDEPENDENTES"
10520232,"COOPERATIVA DE CRÉDITO COM INTERAÇÃO SOLIDÁRIA DE RONDÔNIA - CRESOL RONDÔNIA","PRICEWATERHOUSECOOPERS AUDITORES INDEPENDENTES"
6139650,"COOPERATIVA DE CRéDITO COM INTERAçãO SOLIDáRIA DO RIO GRANDE DO SUL - CRESOL RIO GRANDE DO SUL","ANEND AUDITORES INDEPENDENTES"
6126780,"COOPERATIVA DE CRÉDITO COM INTERAÇÃO SOLIDÁRIA DO VALE DAS ARAUCÁRIAS- CRESOL VALE DAS ARAUCÁRIAS","PRICEWATERHOUSECOOPERS AUDITORES INDEPENDENTES"
7512780,"COOPERATIVA DE CRÉDITO COM INTERAÇÃO SOLIDÁRIA DO VALE EUROPEU - CRESOL VALE EUROPEU","PRICEWATERHOUSECOOPERS AUDITORES INDEPENDENTES"
5277312,"COOPERATIVA DE CRÉDITO COM INTERAÇÃO SOLIDÁRIA HORIZONTE - CRESOL HORIZONTE","PRICEWATERHOUSECOOPERS AUDITORES INDEPENDENTES"
7268499,"COOPERATIVA DE CRÉDITO COM INTERAÇÃO SOLIDÁRIA INTEGRAÇÃO - CRESOL INTEGRAÇÃO","PRICEWATERHOUSECOOPERS AUDITORES INDEPENDENTES"
2934201,"COOPERATIVA DE CRÉDITO COM INTERAÇÃO SOLIDÁRIA LIDERANÇA - CRESOL LIDERANÇA","PRICEWATERHOUSECOOPERS AUDITORES INDEPENDENTES"
7925729,"COOPERATIVA DE CRÉDITO COM INTERAÇÃO SOLIDÁRIA NORTE PARANAENSE - CRESOL NORTE PARANAENSE","PRICEWATERHOUSECOOPERS AUDITORES INDEPENDENTES"
3965737,"COOPERATIVA DE CRÉDITO COM INTERAÇÃO SOLIDÁRIA OESTE CATARINENSE - CRESOL OESTE CATARINENSE","PRICEWATERHOUSECOOPERS AUDITORES INDEPENDENTES"
2448310,"COOPERATIVA DE CRÉDITO COM INTERAÇÃO SOLIDÁRIA PROGRESSO - CRESOL PROGRESSO","PRICEWATERHOUSECOOPERS AUDITORES INDEPENDENTES"
4350225,"COOPERATIVA DE CRÉDITO COM INTERAÇÃO SOLIDÁRIA TRADIÇÃO  CRESOL TRADIÇÃO","PRICEWATERHOUSECOOPERS AUDITORES INDEPENDENTES"
8560508,"COOPERATIVA DE CRÉDITO COM INTERAÇÃO SOLIDÁRIA TRIUNFO - CRESOL TRIUNFO","PRICEWATERHOUSECOOPERS AUDITORES INDEPENDENTES"
2446089,"COOPERATIVA DE CRÉDITO COM INTERAÇÃO SOLIDÁRIA UNIÃO DOS PINHAIS - CRESOL UNIÃO DOS PINHAIS","PRICEWATERHOUSECOOPERS AUDITORES INDEPENDENTES"
5231945,"COOPERATIVA DE CRÉDITO COM INTERAÇÃO SOLIDÁRIA UNIÃO DOS VALES  CRESOL UNIÃO DOS VALES","PRICEWATERHOUSECOOPERS AUDITORES INDEPENDENTES"
4663561,"COOPERATIVA DE CRÉDITO COM INTERAÇÃO SOLIDÁRIA VALE DAS ÁGUAS - CRESOL VALE DAS ÁGUAS","PRICEWATERHOUSECOOPERS AUDITORES INDEPENDENTES"
53935029,"COOPERATIVA DE CRÉDITO COOCRELIVRE","ERNST & YOUNG AUDITORES INDEPENDENTES S/S"
19449602,"COOPERATIVA DE CRÉDITO CREDCOOPER LTDA - SICOOB CREDCOOPER","BAUER AUDITORES ASSOCIADOS"
67096909,"COOPERATIVA DE CRÉDITO CREDICOCAPEC","MOORE PRISMA AUDITORES INDEPENDENTES"
38588174,"COOPERATIVA DE CRéDITO CREDICOPE LTDA. - SICOOB CREDICOPE","COOPERAUDI AUDITORES INDEPENDENTES"
41931445,"COOPERATIVA DE CRÉDITO CREDIFOR LTDA - SICOOB CREDIFOR","BAUER AUDITORES ASSOCIADOS"
1152097,"COOPERATIVA DE CRÉDITO CREDIMATA LTDA. - SICOOB CREDIMATA","BAUER AUDITORES ASSOCIADOS"
2197569,"COOPERATIVA DE CRÉDITO CREDSAOPAULO - SICOOB CREDSAOPAULO","BAUER AUDITORES ASSOCIADOS"
9512539,"COOPERATIVA DE CRÉDITO DA FOZ DO RIO ITAJAÍ AÇU - CREDIFOZ","ERNST & YOUNG AUDITORES INDEPENDENTES S/S"
2405189,"COOPERATIVA DE CRÉDITO DA GRANDE FLORIANÓPOLIS - ÚNILOS","ERNST & YOUNG AUDITORES INDEPENDENTES S/S"
3612764,"COOPERATIVA DE CRÉDITO DA REGIÃO DE FRONTEIRAS DE RO/MT LTDA. - SICOOB FRONTEIRAS","MAZARS AUDITORES INDEPENDENTES - SOCIEDADE SIMPLES."
10218474,"COOPERATIVA DE CRÉDITO DA REGIÃO DO CONTESTADO - CIVIA","ERNST & YOUNG AUDITORES INDEPENDENTES S/S"
10311218,"COOPERATIVA DE CRÉDITO DA REGIÃO DO SUDOESTE DO PARANÁ - EVOLUA","ERNST & YOUNG AUDITORES INDEPENDENTES S/S"
9590601,"COOPERATIVA DE CRÉDITO DA SERRA CATARINENSE - CREDICOMIN","ERNST & YOUNG AUDITORES INDEPENDENTES S/S"
57987273,"COOPERATIVA DE CRÉDITO DE CAPITAL E EMPRÉSTIMO DOS EMPREGADOS CELETISTAS DE COOPERATIVAS DOS ESTADOS DE SÃO PAULO E MINAS GERAIS - COCREUNI","MOORE PRISMA AUDITORES INDEPENDENTES"
10209619,"COOPERATIVA DE CRÉDITO DE LIVRE ADMISSÃO DA GRANDE GOIÂNIA LTDA.","PRICEWATERHOUSECOOPERS AUDITORES INDEPENDENTES"
71261184,"COOPERATIVA DE CRÉDITO DE LIVRE ADMISSÃO DA REGIÃO DO CAPARAÓ LTDA. - SICOOB SAÚDE","BAUER AUDITORES ASSOCIADOS"
10143743,"COOPERATIVA DE CRÉDITO DE LIVRE ADMISSÃO DE ASSOCIADOS DO SUL DO BRASIL - CREVISC","ERNST & YOUNG AUDITORES INDEPENDENTES S/S"
66262643,"COOPERATIVA DE CRÉDITO DE LIVRE ADMISSÃO DE POMPÉU LTDA. - SICOOB CREDIPÉU","CONFEDERACAO NACIONAL DE AUDITORIA COOPERATIVA - CNAC"
6910457,"COOPERATIVA DE CRÉDITO DE LIVRE ADMISSÃO DE SANTA CRUZ DAS PALMEIRAS E REGIÃO","MOORE PRISMA AUDITORES INDEPENDENTES"
1727929,"COOPERATIVA DE CRÉDITO DE LIVRE ADMISSÃO DO ALTO PARANAÍBA, NOROESTE E OESTE DE MINAS LTDA - UNICRED INTEGRAÇÃO DE MINAS","SACHO - AUDITORES INDEPENDENTES"
16779741,"COOPERATIVA DE CRÉDITO DE LIVRE ADMISSÃO DO ALTO VALE DO ITAJAÍ - VIACREDI ALTO VALE","ERNST & YOUNG AUDITORES INDEPENDENTES S/S"
3326437,"COOPERATIVA DE CRÉDITO DE LIVRE ADMISSÃO DO CENTRO NORTE DOS ESTADOS DE MATO GROSSO E MATO GROSSO DO SUL - SICOOB UNIÃO MT/MS","BAUER AUDITORES ASSOCIADOS"
10319386,"COOPERATIVA DE CRÉDITO DE LIVRE ADMISSÃO DO CENTRO SUL DE MATO GROSSO DO SUL - SICOOB CENTRO SUL MS","BAUER AUDITORES ASSOCIADOS"
5247312,"COOPERATIVA DE CRÉDITO DE LIVRE ADMISSÃO DO CERRADO MATO-GROSSENSE - SICOOB CERRADO MT","BAUER AUDITORES ASSOCIADOS"
10262276,"COOPERATIVA DE CRÉDITO DE LIVRE ADMISSÃO DO ESTADO DE SÃO PAULO - SICOOB PAULISTA","HELIO MAZZI JUNIOR"
5241619,"COOPERATIVA DE CRÉDITO DE LIVRE ADMISSÃO DO MÉDIO LESTE DE MATO GROSSO - SICOOB PRIMAVERA MT","BAUER AUDITORES ASSOCIADOS"
3427097,"COOPERATIVA DE CRÉDITO DE LIVRE ADMISSÃO DO SUL CATARINENSE - ACENTRA","ERNST & YOUNG AUDITORES INDEPENDENTES S/S"
1637949,"COOPERATIVA DE CRÉDITO DE LIVRE ADMISSÃO DO VALE DO PARANAPANEMA","APPROACH AUDITORES INDEPENDENTES S/S"
7946216,"COOPERATIVA DE CRÉDITO DE LIVRE ADMISSÃO SICOOB DO GRANDE ABC - SICOOB GRANDE ABC","RUSSELL BEDFORD BRASIL AUDITORES INDEPENDENTES S/S"
8742188,"COOPERATIVA DE CRÉDITO DE LIVRE ADMISSÃO UNIÃO E NEGÓCIOS - SICOOB INTEGRAÇÃO","BAUER AUDITORES ASSOCIADOS"
10548608,"COOPERATIVA DE CRÉDITO DE SERVIDORES DA UESC - UESCOOP","PEPPE ASSOCIADOS - CONSULTORES & AUDITORES INDEPENDENTES"
3461243,"COOPERATIVA DE CRÉDITO DO NORTE CATARINENSE - ACREDICOOP","ERNST & YOUNG AUDITORES INDEPENDENTES S/S"
4138455,"COOPERATIVA DE CRÉDITO DO RIO GRANDE DO NORTE - SICOOB RIO GRANDE DO NORTE","ERNST & YOUNG AUDITORES INDEPENDENTES S/S"
4237413,"COOPERATIVA DE CRÉDITO DO VALE DO SÃO FRANCISCO - SICREDI VALE DO SÃO FRANCISCO","ERNST & YOUNG AUDITORES INDEPENDENTES S/S"
3422007,"COOPERATIVA DE CRÉDITO DOS BANCÁRIOS DE SÃO PAULO E MUNICÍPIOS LIMÍTROFES","ANEND AUDITORES INDEPENDENTES"
62605290,"COOPERATIVA DE CRÉDITO DOS EMPREGADOS DAS EMPRESAS DO GRUPO INDORAMA NO BRASIL","CONTROL AUDITORIA E CONTABILIDADE"
43730498,"COOPERATIVA DE CRÉDITO DOS EMPREGADOS DE ELEVADORES ATLAS","PADRAO AUDITORIA S/S"
64293582,"COOPERATIVA DE CRÉDITO DOS EMPREGADOS DO GRUPO VALLOUREC NO BRASIL - COOVALL LTDA.","COOPERAUDI AUDITORES INDEPENDENTES"
42153585,"COOPERATIVA DE CRÉDITO DOS EMPREGADOS DO IRB-BRASIL RE LTDA.","MANDARINO & ASSOCIADOS AUDITORES"
8075352,"COOPERATIVA DE CRÉDITO DOS EMPRESÁRIOS E EMPREGADOS DOS TRANSPORTES E CORREIOS DO SUL DO BRASIL - TRANSPOCRED","ERNST & YOUNG AUDITORES INDEPENDENTES S/S"
44746352,"COOPERATIVA DE CRÉDITO DOS FORNECEDORES DE CANA DE BARRA BONITA E REGIÃO","CONTROL AUDITORIA E CONTABILIDADE"
5040680,"COOPERATIVA DE CRÉDITO DOS MAGISTRADOS DO ESTADO DO RIO DE JANEIRO LTDA. - MAGICREDI-RJ","JPS-AUDITORES & CONSULTORES"
5740092,"COOPERATIVA DE CRÉDITO DOS METALÚRGICOS DO ABC - CREDABC","ANEND AUDITORES INDEPENDENTES"
2833202,"COOPERATIVA DE CRÉDITO DOS MÉDICOS E DEMAIS PROFISSIONAIS DA SAÚDE DE VITÓRIA DA CONQUISTA","SACHO - AUDITORES INDEPENDENTES"
8143326,"COOPERATIVA DE CRÉDITO DOS MÉDICOS E PROFISSIONAIS DE SAÚDE DE SÃO LUÍS - SICREDI SÃO LUÍS","ERNST & YOUNG AUDITORES INDEPENDENTES S/S"
36900256,"COOPERATIVA DE CRÉDITO DOS MÉDICOS, PROFISSIONAIS DA SAÚDE E EMPRESÁRIOS DE MATO GROSSO","ERNST & YOUNG AUDITORES INDEPENDENTES S/S"
2602922,"COOPERATIVA DE CRÉDITO DOS MÉDICOS, SERVIDORES PÚBLICOS E EMPRESÁRIOS DO NORDESTE LTDA - UNICRED DO NORDESTE","SACHO - AUDITORES INDEPENDENTES"
71418784,"COOPERATIVA DE CRÉDITO DOS MÉDICOS, TÉCNICOS E DEMAIS PROFISSIONAIS DA SAÚDE DO SUL DE MINAS LTDA., UNICRED SUL DE MINAS","SACHO - AUDITORES INDEPENDENTES"
70937271,"COOPERATIVA DE CRÉDITO DOS PROFISSIONAIS DA ÁREA DA SAÚDE E DE LIVRE ADMISSÃO LTDA - UNICRED ALIANÇA","SACHO - AUDITORES INDEPENDENTES"
5979692,"COOPERATIVA DE CRÉDITO DOS PROFISSIONAIS DOS CREAS E DEMAIS ÁREAS TECNOLÓGICAS  CREDCREA","ERNST & YOUNG AUDITORES INDEPENDENTES S/S"
5442759,"COOPERATIVA DE CRÉDITO E ECONOMIA COM INTERAÇÃO SOLIDARIA DE PORTO XAVIER  CRESOL PORTO XAVIER","MOORE PRISMA AUDITORES INDEPENDENTES"
7412987,"COOPERATIVA DE CRÉDITO E ECONOMIA COM INTERAÇÃO SOLIDÁRIA - CRESOL ALIANÇA","MOORE PRISMA AUDITORES INDEPENDENTES"
2844024,"COOPERATIVA DE CRÉDITO E ECONOMIA COM INTERAÇÃO SOLIDÁRIA CRESOL EVOLUÇÃO","MOORE PRISMA AUDITORES INDEPENDENTES"
8647473,"COOPERATIVA DE CRÉDITO E ECONOMIA COM INTERAÇÃO SOLIDÁRIA DE CORONEL FREITAS - CRESOL CORONEL FREITAS","MOORE PRISMA AUDITORES INDEPENDENTES"
5070112,"COOPERATIVA DE CRÉDITO E ECONOMIA COM INTERAÇÃO SOLIDÁRIA DE CORONEL MARTINS - CRESOL PEDRA BRANCA","MOORE PRISMA AUDITORES INDEPENDENTES"
5269976,"COOPERATIVA DE CRÉDITO E ECONOMIA COM INTERAÇÃO SOLIDÁRIA DE FORMOSA DO SUL - CRESOL FORMOSA","MOORE PRISMA AUDITORES INDEPENDENTES"
8652872,"COOPERATIVA DE CRÉDITO E ECONOMIA COM INTERAÇÃO SOLIDÁRIA DE SANTA TEREZINHA DO PROGRESSO - CRESOL SANTA TEREZINHA DO PROGRESSO","MOORE PRISMA AUDITORES INDEPENDENTES"
7320890,"COOPERATIVA DE CRÉDITO E ECONOMIA COM INTERAÇÃO SOLIDÁRIA DE VITOR MEIRELES - CRESOL VITOR MEIRELES","MOORE PRISMA AUDITORES INDEPENDENTES"
7509426,"COOPERATIVA DE CRÉDITO E ECONOMIA COM INTERAÇÃO SOLIDÁRIA DE XANXERÊ - CRESOL XANXERÊ","MOORE PRISMA AUDITORES INDEPENDENTES"
8055016,"COOPERATIVA DE CRÉDITO E ECONOMIA COM INTERAÇÃO SOLIDÁRIA DE XAVANTINA - CRESOL XAVANTINA","MOORE PRISMA AUDITORES INDEPENDENTES"
2663426,"COOPERATIVA DE CRÉDITO E ECONOMIA COM INTERAÇÃO SOLIDÁRIA DO NOROESTE  CRESOL NOROESTE RS/PE/CE","HILDEBRANDO CAMARGO"
5097757,"COOPERATIVA DE CRÉDITO E SERVIÇOS FINANCEIROS DE CURITIBA E REGIÃO METROPOLITANA","SACHO - AUDITORES INDEPENDENTES"
4546162,"COOPERATIVA DE CRÉDITO MÚTUO DE SERVIDORES PÚBLICOS DO ESTADO DE SÃO PAULO - CREDIFISCO","SACHO - AUDITORES INDEPENDENTES"
4414354,"COOPERATIVA DE CRéDITO MúTUO DO ABC - COOPER 7","CONTROL AUDITORIA E CONTABILIDADE"
8030602,"COOPERATIVA DE CRÉDITO MÚTUO DOS CORRETORES DE SEGUROS DO ESTADO DE SÃO PAULO - SICOOB CREDICOR/SP","RUSSELL BEDFORD BRASIL AUDITORES INDEPENDENTES S/S"
46642294,"COOPERATIVA DE CRÉDITO MÚTUO DOS EMPREGADOS DA EMBRAER  COOPEREMB","D'AGOSTINI CONSULTORIA E AUDITORIA S/S"
58290800,"COOPERATIVA DE CRÉDITO MÚTUO DOS EMPREGADOS DA MAXION - CREDMAXION","CONTROL AUDITORIA E CONTABILIDADE"
2104058,"COOPERATIVA DE CRÉDITO MÚTUO DOS EMPREGADOS DA PILKINGTON BRASIL","PADRAO AUDITORIA S/S"
49091119,"COOPERATIVA DE CRÉDITO MÚTUO DOS EMPREGADOS DA SKF E COLIGADAS","PADRAO AUDITORIA S/S"
6369729,"COOPERATIVA DE CRÉDITO MÚTUO DOS EMPREGADOS DAS INDÚSTRIAS DO PAPEL, PAPELÃO E CORTIÇA DE OTACÍLIO COSTA, LAGES E CORREA PINTO - PAPELCREDI","ANEND AUDITORES INDEPENDENTES"
20833992,"COOPERATIVA DE CRÉDITO MÚTUO DOS EMPREGADOS DO CENTRO UNIVERSITÁRIO NEWTON PAIVA LTDA. - CREDIPAIVA","COOPERAUDI AUDITORES INDEPENDENTES"
5292849,"COOPERATIVA DE CRÉDITO MÚTUO DOS EMPREGADOS EM EMPRESAS ADMINISTRADORAS DE AEROPORTOS - AEROCRED","ANEND AUDITORES INDEPENDENTES"
3674133,"COOPERATIVA DE CRÉDITO MÚTUO DOS EMPREGADOS EM INSTITUIÇÕES DO SISTEMA FINANCEIRO NAS REGIÕES DE SÃO PAULO E CAMPINAS (SP) - CREDISCOOP","PADRAO AUDITORIA S/S"
45421856,"COOPERATIVA DE CRÉDITO MÚTUO DOS FUNCIONÁRIOS DA FÁBRICA DE CIMENTO VOTORAN","CONTROL AUDITORIA E CONTABILIDADE"
6077760,"COOPERATIVA DE CRÉDITO MÚTUO DOS FUNCIONÁRIOS DA RICLAN","PADRAO AUDITORIA S/S"
7651495,"COOPERATIVA DE CRéDITO MúTUO DOS FUNCIONáRIOS PúBLICOS DO PODER JUDICIáRIO DA CAPITAL DO ESTADO DE SãO PAULO  SICOOB JUDCRED","CONTROL AUDITORIA E CONTABILIDADE"
2083914,"COOPERATIVA DE CRÉDITO MÚTUO DOS POLICIAIS FEDERAIS E SERVIDORES DA UNIÃO NO ESPÍRITO SANTO - CREDFEDERAL","D'AGOSTINI CONSULTORIA E AUDITORIA S/S"
1709266,"COOPERATIVA DE CRéDITO MúTUO DOS PROFISSIONAIS DA SAúDE E LIVRE ADMISSãO DE TEóFILO OTONI LTDA. - UNICRED TRêS VALES","SACHO - AUDITORES INDEPENDENTES"
71163315,"COOPERATIVA DE CRÉDITO MÚTUO DOS PROFISSIONAIS DE NÍVEL SUPERIOR DA SAÚDE, ARQUITETOS E URBANISTAS DE SETE LAGOAS E REGIÃO LTDA - UNICRED SETE LAGOAS","SACHO - AUDITORES INDEPENDENTES"
53800488,"COOPERATIVA DE CRÉDITO MÚTUO DOS SERVIDORES DE ÓRGAOS GESTORES DE RECURSOS HÍDRICOS DO ESTADO DE SÃO PAULO - COOPERHIDRO","SERGIO NOBORU OUTAKA"
73092827,"COOPERATIVA DE CRÉDITO MÚTUO DOS SERVIDORES DO MINISTERIO DA EDUCAÇÃO EM SÃO PAULO - COOPEMESP","RUSSELL BEDFORD BRASIL AUDITORES INDEPENDENTES S/S"
5969937,"COOPERATIVA DE CRÉDITO MÚTUO DOS SERVIDORES MUNICIPAIS DE BEBEDOURO - COOCRESB.","MOORE PRISMA AUDITORES INDEPENDENTES"
74248949,"COOPERATIVA DE CRÉDITO MÚTUO DOS SERVIDORES MUNICIPAIS DE SÃO JOÃO DA BOA VISTA - CREDIVISTA","MARCELINO VASCONCELOS BARROSO"
881829,"COOPERATIVA DE CRÉDITO MÚTUO DOS SERVIDORES PÚBLICOS MUNICIPAIS DE JABOTICABAL - COOPERSERV","FABRICIO KOEKE"
6942423,"COOPERATIVA DE CRÉDITO MÚTUO DOS TRABALHADORES DO SISTEMA FINANCEIRO DE CURITIBA E REGIÃO - COOPCREFI","ANEND AUDITORES INDEPENDENTES"
86803939,"COOPERATIVA DE CRÉDITO MÚTUO SERRA MAR LTDA. - UNICRED SERRA MAR","ERNST & YOUNG AUDITORES INDEPENDENTES S/S"
5745533,"COOPERATIVA DE CRÉDITO RURAL  E ECONOMIA COM INTERAÇÃO SOLIDÁRIA DE ITATIBA DO SUL - CRESOL ITATIBA DO SUL","MOORE PRISMA AUDITORES INDEPENDENTES"
44373041,"COOPERATIVA DE CRÉDITO RURAL - CREDICANA","RUSSELL BEDFORD BRASIL AUDITORES INDEPENDENTES S/S"
9244973,"COOPERATIVA DE CRÉDITO RURAL ASCOOB COOPEC - ASCOOB COOPEC","IDERALDO LUIZ AGOSTINHO DE MORAES"
2025743,"COOPERATIVA DE CRÉDITO RURAL ASCOOB COOPERAR","IDERALDO LUIZ AGOSTINHO DE MORAES"
7215632,"COOPERATIVA DE CRÉDITO RURAL COM INTERAÇÃO SOLIDÁRIA ALTERNATIVA  CRESOL ALTERNATIVA","PRICEWATERHOUSECOOPERS AUDITORES INDEPENDENTES"
5211129,"COOPERATIVA DE CRéDITO RURAL COM INTERAçãO SOLIDáRIA CENTRO NORTE - CRESOL CENTRO NORTE","PRICEWATERHOUSECOOPERS AUDITORES INDEPENDENTES"
2910987,"COOPERATIVA DE CRÉDITO RURAL COM INTERAÇÃO SOLIDÁRIA CENTRO-SUL RS/MS - CRESOL CENTRO-SUL RS/MS","PRICEWATERHOUSECOOPERS AUDITORES INDEPENDENTES"
7252614,"COOPERATIVA DE CRÉDITO RURAL COM INTERAÇÃO SOLIDÁRIA CONFIANÇA  CRESOL CONFIANÇA","PRICEWATERHOUSECOOPERS AUDITORES INDEPENDENTES"
5983995,"COOPERATIVA DE CRÉDITO RURAL COM INTERAÇÃO SOLIDÁRIA COOPERAR - CRESOL COOPERAR","PRICEWATERHOUSECOOPERS AUDITORES INDEPENDENTES"
5494591,"COOPERATIVA DE CRÉDITO RURAL COM INTERAÇÃO SOLIDÁRIA DE ALFREDO WAGNER - CRESOL ALFREDO WAGNER","PRICEWATERHOUSECOOPERS AUDITORES INDEPENDENTES"
1155801,"COOPERATIVA DE CRÉDITO RURAL COM INTERAÇÃO SOLIDÁRIA DE CURITIBANOS - CRESOL CURITIBANOS","PRICEWATERHOUSECOOPERS AUDITORES INDEPENDENTES"
4261151,"COOPERATIVA DE CRÉDITO RURAL COM INTERAÇÃO SOLIDÁRIA DE DONA EMMA - CRESOL DONA EMMA","PRICEWATERHOUSECOOPERS AUDITORES INDEPENDENTES"
8488377,"COOPERATIVA DE CRÉDITO RURAL COM INTERAÇÃO SOLIDÁRIA DE GUARANI DAS MISSÕES - CRESOL GUARANI DAS MISSÕES","PRICEWATERHOUSECOOPERS AUDITORES INDEPENDENTES"
10453077,"COOPERATIVA DE CRÉDITO RURAL COM INTERAÇÃO SOLIDÁRIA DE POUSO REDONDO - CRESOL POUSO REDONDO","PRICEWATERHOUSECOOPERS AUDITORES INDEPENDENTES"
6031727,"COOPERATIVA DE CRÉDITO RURAL COM INTERAÇÃO SOLIDÁRIA DE SANTO CRISTO - CRESOL SANTO CRISTO","PRICEWATERHOUSECOOPERS AUDITORES INDEPENDENTES"
7465539,"COOPERATIVA DE CRÉDITO RURAL COM INTERAÇÃO SOLIDÁRIA DE WITMARSUM - CRESOL WITMARSUM","PRICEWATERHOUSECOOPERS AUDITORES INDEPENDENTES"
4622657,"COOPERATIVA DE CRÉDITO RURAL COM INTERAÇÃO SOLIDÁRIA GERAÇÕES  CRESOL GERAÇÕES","PRICEWATERHOUSECOOPERS AUDITORES INDEPENDENTES"
7946451,"COOPERATIVA DE CRÉDITO RURAL COM INTERAÇÃO SOLIDÁRIA MEIO OESTE - CRESOL MEIO OESTE","PRICEWATERHOUSECOOPERS AUDITORES INDEPENDENTES"
2766672,"COOPERATIVA DE CRÉDITO RURAL COM INTERAÇÃO SOLIDÁRIA PLANALTO SERRANO  CRESOL PLANALTO SERRANO","PRICEWATERHOUSECOOPERS AUDITORES INDEPENDENTES"
17343510,"COOPERATIVA DE CRÉDITO RURAL COM INTERAÇÃO SOLIDÁRIA RAIZ  CRESOL RAIZ","PRICEWATERHOUSECOOPERS AUDITORES INDEPENDENTES"
9433005,"COOPERATIVA DE CRÉDITO RURAL COM INTERAÇÃO SOLIDÁRIA VALE DO CONTESTADO - CRESOL VALE DO CONTESTADO","PRICEWATERHOUSECOOPERS AUDITORES INDEPENDENTES"
1073966,"COOPERATIVA DE CRÉDITO RURAL DE ABELARDO LUZ - SULCREDI/CREDILUZ","LINEAR AUDITORES INDEPENDENTES SOCIEDADE SIMPLES"
7853842,"COOPERATIVA DE CRÉDITO RURAL DE OURO   SULCREDI/OURO","LINEAR AUDITORES INDEPENDENTES SOCIEDADE SIMPLES"
1330387,"COOPERATIVA DE CRÉDITO RURAL DE PEQUENOS AGRICULTORES E DA REFORMA AGRÁRIA DO CENTRO OESTE DO PARANÁ - CREHNOR LARANJEIRAS","ANEND AUDITORES INDEPENDENTES"
8253539,"COOPERATIVA DE CRÉDITO RURAL DE SÃO MIGUEL DO OESTE - SULCREDI/SÃO MIGUEL","LINEAR AUDITORES INDEPENDENTES SOCIEDADE SIMPLES"
8482873,"COOPERATIVA DE CRÉDITO RURAL DO AGRESTE ALAGOANO - COOPERAGRE","LAURO ANGELO CERUTTI"
7564184,"COOPERATIVA DE CRÉDITO RURAL DO SERTÃO ALAGOANO ASCOOB COCREAL","IDERALDO LUIZ AGOSTINHO DE MORAES"
50334234,"COOPERATIVA DE CRÉDITO RURAL DOS AGROPECUARISTAS DA REGIÃO DE PORTO FELIZ","PAULO SERGIO SANGIORGIO"
49654502,"COOPERATIVA DE CRÉDITO RURAL DOS FORNECEDORES DE CANA DA REGIÃO DE CATANDUVA-COFOCRED","MOORE PRISMA AUDITORES INDEPENDENTES"
52623311,"COOPERATIVA DE CRÉDITO RURAL DOS PLANTADORES DE CANA DA REGIÃO DE IGARAPAVA","PAULO SERGIO SANGIORGIO"
12272183,"COOPERATIVA DE CRÉDITO RURAL DOS PLANTADORES DE CANA DE ALAGOAS","D'AGOSTINI CONSULTORIA E AUDITORIA S/S"
5425526,"COOPERATIVA DE CRÉDITO RURAL E ECONOMIA COM INTERAÇÃO SOLIDÁRIA CONCÓRDIA - CRESOL CONCÓRDIA","MOORE PRISMA AUDITORES INDEPENDENTES"
4565791,"COOPERATIVA DE CRÉDITO RURAL E ECONOMIA COM INTERAÇÃO SOLIDÁRIA DE ARATIBA  CRESOL ARATIBA","MOORE PRISMA AUDITORES INDEPENDENTES"
2904138,"COOPERATIVA DE CRÉDITO RURAL E ECONOMIA COM INTERAÇÃO SOLIDÁRIA DE ÁUREA - CRESOL ÁUREA","MOORE PRISMA AUDITORES INDEPENDENTES"
5241145,"COOPERATIVA DE CRÉDITO RURAL E ECONOMIA COM INTERAÇÃO SOLIDÁRIA DE GETÚLIO VARGAS - CRESOL GETÚLIO VARGAS","MOORE PRISMA AUDITORES INDEPENDENTES"
9463721,"COOPERATIVA DE CRÉDITO RURAL E ECONOMIA COM INTERAÇÃO SOLIDÁRIA DE JACINTO MACHADO - CRESOL JACINTO MACHADO","MOORE PRISMA AUDITORES INDEPENDENTES"
2904125,"COOPERATIVA DE CRÉDITO RURAL E ECONOMIA COM INTERAÇÃO SOLIDÁRIA DE JACUTINGA - CRESOL JACUTINGA","MOORE PRISMA AUDITORES INDEPENDENTES"
5410056,"COOPERATIVA DE CRÉDITO RURAL E ECONOMIA COM INTERAÇÃO SOLIDÁRIA DE JAGUARUNA  CRESOL JAGUARUNA","MOORE PRISMA AUDITORES INDEPENDENTES"
3015152,"COOPERATIVA DE CRÉDITO RURAL E ECONOMIA COM INTERAÇÃO SOLIDÁRIA DE SÃO VALENTIM - CRESOL SÃO VALENTIM","MOORE PRISMA AUDITORES INDEPENDENTES"
5863726,"COOPERATIVA DE CRÉDITO RURAL E ECONOMIA COM INTERAÇÃO SOLIDÁRIA DO PLANALTO SERRA DO RIO GRANDE DO SUL - CRESOL PLANALTO SERRA","MOORE PRISMA AUDITORES INDEPENDENTES"
4013172,"COOPERATIVA DE CRÉDITO SICOOB CRED-ACIF","MOORE PRISMA AUDITORES INDEPENDENTES"
3535065,"COOPERATIVA DE CRÉDITO SICOOB CREDMETAL","PADRAO AUDITORIA S/S"
24610065,"COOPERATIVA DE CRÉDITO SICOOB IPÊ - SICOOB IPÊ","BAUER AUDITORES ASSOCIADOS"
26359745,"COOPERATIVA DE CRÉDITO SICOOBMAIS  LTDA. - SICOOBMAIS","COOPERAUDI AUDITORES INDEPENDENTES"
9343038,"COOPERATIVA DE CRÉDITO SICREDI ALTO SERTÃO PARAIBANO - SICREDI ALTO SERTÃO PARAIBANO","ERNST & YOUNG AUDITORES INDEPENDENTES S/S"
41255225,"COOPERATIVA DE CRÉDITO SICREDI CENTRO PERNAMBUCANA","ERNST & YOUNG AUDITORES INDEPENDENTES S/S"
4146333,"COOPERATIVA DE CRÉDITO SICREDI PERNAMBUCRED","ERNST & YOUNG AUDITORES INDEPENDENTES S/S"
26072728,"COOPERATIVA DE CRÉDITO UNIÃO CENTRO OESTE LTDA. - SICOOB UNIÃO CENTRO OESTE","BAUER AUDITORES ASSOCIADOS"
977212,"COOPERATIVA DE CRÉDITO UNICOPER","COKINOS & ASSOCIADOS AUDITORES INDEPENDENTES"
184068,"COOPERATIVA DE CRÉDITO UNICRED CENTRAL MULTIRREGIONAL LTDA. - UCM","ERNST & YOUNG AUDITORES INDEPENDENTES S/S"
75847,"COOPERATIVA DE CRÉDITO UNICRED CENTRO-SUL LTDA - UNICRED CENTRO-SUL","ERNST & YOUNG AUDITORES INDEPENDENTES S/S"
4355489,"COOPERATIVA DE CRÉDITO UNICRED COOMARCA LTDA. - COOMARCA","ERNST & YOUNG AUDITORES INDEPENDENTES S/S"
1039011,"COOPERATIVA DE CRÉDITO UNICRED DESBRAVADORA LTDA - UNICRED DESBRAVADORA","ERNST & YOUNG AUDITORES INDEPENDENTES S/S"
1796302,"COOPERATIVA DE CRÉDITO UNICRED REGIÃO DOS VALES LTDA. - UNICRED REGIÃO DOS VALES","ERNST & YOUNG AUDITORES INDEPENDENTES S/S"
74114042,"COOPERATIVA DE CRÉDITO UNICRED UNIÃO LTDA - UNICRED UNIÃO","ERNST & YOUNG AUDITORES INDEPENDENTES S/S"
73443863,"COOPERATIVA DE CRÉDITO UNICRED VALE EUROPEU SANTA CATARINA LTDA - UNICRED VALE EUROPEU","ERNST & YOUNG AUDITORES INDEPENDENTES S/S"
74064502,"COOPERATIVA DE CRÉDITO UNICRED VALOR CAPITAL LTDA  UNICRED VALOR CAPITAL","ERNST & YOUNG AUDITORES INDEPENDENTES S/S"
8041950,"COOPERATIVA DE CRÉDITO, POUPANÇA E INVESTIMENTO DO SISTEMA DE JUSTIÇA NO ESTADO DO CEARÁ - SICREDI COOPERJURIS","ERNST & YOUNG AUDITORES INDEPENDENTES S/S"
1110032,"COOPERATIVA DE CRÉDITO, POUPANÇA E INVESTIMENTO DOS MÉDICOS E DEMAIS PROFISSIONAIS DA SAÚDE E LIVRE ADMISSÃO MINAS - ESPÍRITO SANTO LTDA. - UNICRED MINAS - ES","SACHO - AUDITORES INDEPENDENTES"
2923389,"COOPERATIVA DE CRÉDITO, POUPANÇA E INVESTIMENTO SICREDI ARACAJU - SICREDI ARACAJU","ERNST & YOUNG AUDITORES INDEPENDENTES S/S"
35571249,"COOPERATIVA DE CRÉDITO, POUPANÇA E INVESTIMENTO SICREDI EVOLUÇÃO - SICREDI EVOLUÇÃO","ERNST & YOUNG AUDITORES INDEPENDENTES S/S"
97489280,"COOPERATIVA DE CRÉDITO, POUPANÇA E INVESTIMENTO SICREDI INTEGRAÇÃO BAHIA - SICREDI INTEGRAÇÃO BAHIA","ERNST & YOUNG AUDITORES INDEPENDENTES S/S"
70241658,"COOPERATIVA DE CRÉDITO, POUPANÇA E INVESTIMENTO SICREDI RECIFE - SICREDI RECIFE","ERNST & YOUNG AUDITORES INDEPENDENTES S/S"
5491616,"COOPERATIVA DE CRÉDITO, POUPANÇA E SERVIÇOS FINANCEIROS DO CENTRO OESTE - CREDITAG","ANEND AUDITORES INDEPENDENTES"
61039038,"COOPERATIVA DE ECONOMIA E CREDITO MUTUO DOS COLABORADORES DA SG INDUSTRIA E COMERCIO DE MATERIAIS DE CONSTRUCAO, VIDROS E AFINS","PADRAO AUDITORIA S/S"
30138226,"COOPERATIVA DE ECONOMIA E CREDITO MUTUO DOS EMPREGADOS DA CIA DE ELETRICIDADE DO ESTADO DO RJ CREDICERJ LTDA","MANDARINO & ASSOCIADOS AUDITORES"
141155,"COOPERATIVA DE ECONOMIA E CREDITO MUTUO DOS EMPREGADOS DAS EMPRESAS DE TRANSPORTES COLETIVOS RODOVIÁRIOS DE PASSAGEIROS DO GRANDE RIO LTDA","MANDARINO & ASSOCIADOS AUDITORES"
30949267,"COOPERATIVA DE ECONOMIA E CREDITO MUTUO DOS EMPREGADOS DE CHOCOLATES GAROTO LTDA. - CREDI-GAROTO","D'AGOSTINI CONSULTORIA E AUDITORIA S/S"
42107706,"COOPERATIVA DE ECONOMIA E CREDITO MUTUO DOS EMPREGADOS DE ELEVADORES ATLAS SCHINDLER LTDA.","MANDARINO & ASSOCIADOS AUDITORES"
31746993,"COOPERATIVA DE ECONOMIA E CREDITO MUTUO DOS EMPREGADOS DE ESTABELECIMENTOS HOSPITALARES DO SUL DO ESTADO DO ESPIRITO SANTO - SULCRED","D'AGOSTINI CONSULTORIA E AUDITORIA S/S"
2447184,"COOPERATIVA DE ECONOMIA E CREDITO MUTUO DOS EMPREGADOS DO COLEGIO SANTO INACIO - COESI","MANDARINO & ASSOCIADOS AUDITORES"
73631483,"COOPERATIVA DE ECONOMIA E CREDITO MUTUO DOS EMPREGADOS DO GRUPO BAYER LTDA","MANDARINO & ASSOCIADOS AUDITORES"
27140946,"COOPERATIVA DE ECONOMIA E CREDITO MUTUO DOS EMPREGADOS DO GRUPO USINA PAINEIRAS LTDA - CRED-PAN","D'AGOSTINI CONSULTORIA E AUDITORIA S/S"
30586895,"COOPERATIVA DE ECONOMIA E CREDITO MUTUO DOS EMPREGADOS DOS LABORATORIOS B.BRAUN LTDA","MANDARINO & ASSOCIADOS AUDITORES"
3973743,"COOPERATIVA DE ECONOMIA E CREDITO MUTUO DOS EMPREGADOS IND.ALIMENTACAO REG.GRDE.VITORIA EST.ES-CREDI-ALIMENTO","SACHO - AUDITORES INDEPENDENTES"
5424088,"COOPERATIVA DE ECONOMIA E CREDITO MUTUO DOS EMPREGADOS NAS INDUSTRIAS QUIMICAS, FARMACEUTICAS E SIMILARES DA REGIAO METROPOLITANA DO RIO DE JANEIRO LTDA","MANDARINO & ASSOCIADOS AUDITORES"
42258376,"COOPERATIVA DE ECONOMIA E CREDITO MUTUO DOS FUNCIONARIOS DA FMC LTDA","MANDARINO & ASSOCIADOS AUDITORES"
5331882,"COOPERATIVA DE ECONOMIA E CREDITO MUTUO DOS FUNCIONARIOS DA GKN DO BRASIL LTDA","RAMIRES E CIA - AUDITORES INDEPENDENTES SOCIEDADE SIMPLES"
3165497,"COOPERATIVA DE ECONOMIA E CREDITO MUTUO DOS FUNCIONARIOS DA SANEPAR - CREDISANEPAR","ADIRLEY GASPARIN"
2192115,"COOPERATIVA DE ECONOMIA E CREDITO MUTUO DOS FUNCIONARIOS DA VIACAO NOSSA SENHORA DO AMPARO LTDA. - COPERFAMP","MANDARINO & ASSOCIADOS AUDITORES"
5048575,"COOPERATIVA DE ECONOMIA E CREDITO MUTUO DOS FUNCIONARIOS DO GRUPO MAUA LTDA","MANDARINO & ASSOCIADOS AUDITORES"
2931166,"COOPERATIVA DE ECONOMIA E CREDITO MUTUO DOS FUNCIONARIOS DO GRUPO PROGRESSO LTDA - PROCRED","MANDARINO & ASSOCIADOS AUDITORES"
94433109,"COOPERATIVA DE ECONOMIA E CREDITO MUTUO DOS MEDICOS DE PORTO ALEGRE LTDA-UNICRED PORTO ALEGRE","ERNST & YOUNG AUDITORES INDEPENDENTES S/S"
1090027,"COOPERATIVA DE ECONOMIA E CREDITO MUTUO DOS MEDICOS E CATEGORIAS AFINS-UNICRED NITEROI LTDA","ERNST & YOUNG AUDITORES INDEPENDENTES S/S"
71884498,"COOPERATIVA DE ECONOMIA E CREDITO MUTUO DOS MEDICOS E DEMAIS PROFISSIONAIS DA AREA DE SAUDE DO ESTADO DE SAO PAULO LTDA    UNICRED DO ESTADO DE SAO PAULO","SACHO - AUDITORES INDEPENDENTES"
2853045,"COOPERATIVA DE ECONOMIA E CREDITO MUTUO DOS MEDICOS E DEMAIS PROFISSIONAIS DA SAUDE DE JOACABA","AUDICONSULT AUDITORES SS"
90278987,"COOPERATIVA DE ECONOMIA E CREDITO MUTUO DOS SERVIDORES DA ASCAR/EMATER-RS LTDA-CRESAL","MBAUDIT - AUDITORES INDEPENDENTES S/S"
29341260,"COOPERATIVA DE ECONOMIA E CREDITO MUTUO DOS SERVIDORES DA COMLURB LTDA","MANDARINO & ASSOCIADOS AUDITORES"
42100982,"COOPERATIVA DE ECONOMIA E CREDITO MUTUO DOS SERVIDORES DA EMPRESA BRASILEIRA DE CORREIOS E TELEGRAFOS LTDA","MANDARINO & ASSOCIADOS AUDITORES"
28885036,"COOPERATIVA DE ECONOMIA E CREDITO MUTUO DOS SERVIDORES DA UERJ LTDA. - COOPUERJ","MANDARINO & ASSOCIADOS AUDITORES"
2910387,"COOPERATIVA DE ECONOMIA E CREDITO MUTUO DOS SERVIDORES DO COLEGIO PEDRO II","MANDARINO & ASSOCIADOS AUDITORES"
1819799,"COOPERATIVA DE ECONOMIA E CREDITO MUTUO DOS SERVIDORES MUNICIPAIS DO SUL FLUMINENSE LTDA.","MANDARINO & ASSOCIADOS AUDITORES"
4831810,"COOPERATIVA DE ECONOMIA E CREDITO MUTUO DOS SERVIDORES PUBLICOS DE PINHÃO - CRESERV-PINHÃO","LINEAR AUDITORES INDEPENDENTES SOCIEDADE SIMPLES"
3990888,"COOPERATIVA DE ECONOMIA E CREDITO MUTUO DOS SERVIDORES PUBLICOS MUNICIPAIS DE PORTO ALEGRE","HILDO JARDIM ALEGRIA"
20177390,"COOPERATIVA DE ECONOMIA E CREDITO MUTUO DOS TRABALHADORES DO GRUPO EMPRESARIAL ITATIAIA LTDA. - COOPERITA","D'AGOSTINI CONSULTORIA E AUDITORIA S/S"
33735192,"COOPERATIVA DE ECONOMIA E CREDITO MUTUO JOHN F. KENNEDY LTDA","MANDARINO & ASSOCIADOS AUDITORES"
97259253,"COOPERATIVA DE ECONOMIA E CREDITO MÚTUO DOS MÉDICOS DO PLANALTO MÉDIO DO RIO GRANDE DO SUL LTDA - CREDIPLAN","MBAUDIT - AUDITORES INDEPENDENTES S/S"
5419025,"COOPERATIVA DE ECONOMIA E CREDITO MÚTUO DOS PROFESSORES ESTADUAIS DA REGIÃO METROPOLITANA DE PORTO ALEGRE - EDUCREDI","ROKEMBACH + LAHM, VILLANOVA & CIA AUDITORES"
52935442,"COOPERATIVA DE ECONOMIA E CRÉDITO MÚTUO ALIANÇA - COOPERNITRO","CONTROL AUDITORIA E CONTABILIDADE"
82096447,"COOPERATIVA DE ECONOMIA E CRÉDITO MÚTUO BRF - CREDIBRF","RUSSELL BEDFORD BRASIL AUDITORES INDEPENDENTES S/S"
74244344,"COOPERATIVA DE ECONOMIA E CRÉDITO MÚTUO DO GRUPO BASF","PRICEWATERHOUSECOOPERS AUDITORES INDEPENDENTES"
94243839,"COOPERATIVA DE ECONOMIA E CRÉDITO MÚTUO DO VALE DAS ANTAS LTDA. - UNICRED VALE DAS ANTAS","ERNST & YOUNG AUDITORES INDEPENDENTES S/S"
16564240,"COOPERATIVA DE ECONOMIA E CRéDITO MúTUO DOS APOSENTADOS, PENSIONISTAS E IDOSOS  SICOOB COOPERNAPI","PADRAO AUDITORIA S/S"
71502181,"COOPERATIVA DE ECONOMIA E CRÉDITO MÚTUO DOS BANCÁRIOS DE BELO HORIZONTE E REGIÃO METROPOLITANA LTDA. - COOPEB","BAUER AUDITORES ASSOCIADOS"
71491609,"COOPERATIVA DE ECONOMIA E CRÉDITO MÚTUO DOS BANCÁRIOS DE SOROCABA E REGIÃO","CONTROL AUDITORIA E CONTABILIDADE"
1301541,"COOPERATIVA DE ECONOMIA E CRÉDITO MÚTUO DOS BANCÁRIOS DO TRIÂNGULO LTDA.","D'AGOSTINI CONSULTORIA E AUDITORIA S/S"
53184438,"COOPERATIVA DE ECONOMIA E CRÉDITO MÚTUO DOS COLABORADORES DA CEBRACE","CONTROL AUDITORIA E CONTABILIDADE"
2588819,"COOPERATIVA DE ECONOMIA E CRÉDITO MÚTUO DOS COLABORADORES DA UNIÃO BRASILEIRA DE EDUCAÇÃO E ENSINO, UNIÃO NORTE BRASILEIRA DE EDUCAÇÃO E CULTURA & UNIÃO BRASILEIRA DE EDUCAÇÃO CATÓLICA LTDA - COOMAR","JOAO CARLOS SUBACZ"
20062766,"COOPERATIVA DE ECONOMIA E CRÉDITO MÚTUO DOS COLABORADORES DO GRUPO EMPRESARIAL A COSTA LTDA.","BAUER AUDITORES ASSOCIADOS"
8850613,"COOPERATIVA DE ECONOMIA E CRÉDITO MÚTUO DOS EMPREGADOS DA CENTRAIS ELÉTRICAS DE SANTA CATARINA - CREDELESC","ERNST & YOUNG AUDITORES INDEPENDENTES S/S"
30304919,"COOPERATIVA DE ECONOMIA E CRÉDITO MÚTUO DOS EMPREGADOS DA CNC, SESC E SENAC ADMINISTRAÇÕES NACIONAIS LTDA.","D'AGOSTINI CONSULTORIA E AUDITORIA S/S"
54335401,"COOPERATIVA DE ECONOMIA E CRÉDITO MÚTUO DOS EMPREGADOS DA COMPANHIA BRASILEIRA DE ALUMÍNIO","CHOSUKE KOEKE"
3400651,"COOPERATIVA DE ECONOMIA E CRÉDITO MÚTUO DOS EMPREGADOS DA EMPRESA SUPERMERCADOS JAU SERVE - COOPERJS","MOORE PRISMA AUDITORES INDEPENDENTES"
2738981,"COOPERATIVA DE ECONOMIA E CRÉDITO MÚTUO DOS EMPREGADOS DA FUNDAÇÃO ARTHUR BERNARDES LTDA. - COOFAB","BAUER AUDITORES ASSOCIADOS"
18340695,"COOPERATIVA DE ECONOMIA E CRÉDITO MÚTUO DOS EMPREGADOS DA INDÚSTRIA DE PAPÉIS SUDESTE LTDA . - CREDESTE","D'AGOSTINI CONSULTORIA E AUDITORIA S/S"
45691128,"COOPERATIVA DE ECONOMIA E CRÉDITO MÚTUO DOS EMPREGADOS DA JOHNSON & JOHNSON","PADRAO AUDITORIA S/S"
28244622,"COOPERATIVA DE ECONOMIA E CRÉDITO MÚTUO DOS EMPREGADOS DA JOLIMODE ROUPAS E EMPRESAS COLIGADAS LTDA","MANDARINO & ASSOCIADOS AUDITORES"
2814832,"COOPERATIVA DE ECONOMIA E CRÉDITO MÚTUO DOS EMPREGADOS DA MERCK SHARP & DOHME FARMACÊUTICA - COOPERMSD","PADRAO AUDITORIA S/S"
4998845,"COOPERATIVA DE ECONOMIA E CRÉDITO MÚTUO DOS EMPREGADOS DA MINERACÃO RIO DO NORTE S/A, EM PORTO TROMBETAS LIMITADA -  CREDNORTE","ANEND AUDITORES INDEPENDENTES"
62795257,"COOPERATIVA DE ECONOMIA E CRÉDITO MÚTUO DOS EMPREGADOS DA MONDELEZ BRASIL, PHILIP MORRIS BRASIL E K&S ALIMENTOS - SICOOB COOPMOND","RUSSELL BEDFORD BRASIL AUDITORES INDEPENDENTES S/S"
17607375,"COOPERATIVA DE ECONOMIA E CRÉDITO MÚTUO DOS EMPREGADOS DA MOSAIC FERTILIZANTES DE UBERABA - COPERURA LTDA.","VAZ & MAIA AUDITORES INDEPENDENTES"
968834,"COOPERATIVA DE ECONOMIA E CRÉDITO MÚTUO DOS EMPREGADOS DA MOSAIC FERTILIZANTES DO BRASIL - COCRESGO LTDA.","MAURILIO ROSA"
42445122,"COOPERATIVA DE ECONOMIA E CRÉDITO MÚTUO DOS EMPREGADOS DA PONTIFÍCIA UNIVERSIDADE CATÓLICA DO RIO DE JANEIRO E EMPREGADOS EM ESTABELECIMENTOS PRIVADOS DE ENSINO DO MUNICÍPIO DO RIO DE JANEIRO LTDA.","MANDARINO & ASSOCIADOS AUDITORES"
88043187,"COOPERATIVA DE ECONOMIA E CRÉDITO MÚTUO DOS EMPREGADOS DA PROLEC GE BRASIL TRANSMISSÃO DE ENERGIA S.A.","ROKEMBACH + LAHM, VILLANOVA & CIA AUDITORES"
44223196,"COOPERATIVA DE ECONOMIA E CRÉDITO MÚTUO DOS EMPREGADOS DA RECKITT BENCKISER","PADRAO AUDITORIA S/S"
48140925,"COOPERATIVA DE ECONOMIA E CRÉDITO MÚTUO DOS EMPREGADOS DA SAINT-GOBAIN DO BRASIL PRODUTOS INDUSTRIAIS E PARA CONSTRUÇÃO - DIVISÃO VIDRO PLANO","FABRICIO KOEKE"
3685335,"COOPERATIVA DE ECONOMIA E CRÉDITO MÚTUO DOS EMPREGADOS DA UNIFI - CREDIUNIFI","PADRAO AUDITORIA S/S"
24235459,"COOPERATIVA DE ECONOMIA E CRÉDITO MÚTUO DOS EMPREGADOS DAS EMPRESAS SIDERÚRGICAS, METALÚRGICAS E ELETRO-MECÂNICAS DE JOÃO MONLEVADE LTDA. - CREDIBELGO","HELIO MAZZI JUNIOR"
129753,"COOPERATIVA DE ECONOMIA E CRÉDITO MÚTUO DOS EMPREGADOS DAS EMPRESAS SOMART LTDA.","BAUER AUDITORES ASSOCIADOS"
92935741,"COOPERATIVA DE ECONOMIA E CRÉDITO MÚTUO DOS EMPREGADOS DO BANRISUL","MBAUDIT - AUDITORES INDEPENDENTES S/S"
46277273,"COOPERATIVA DE ECONOMIA E CRéDITO MúTUO DOS EMPREGADOS DO GRUPO CASINO, GRUPO PãO DE AçúCAR E GRUPO ASSAí","MOORE PRISMA AUDITORES INDEPENDENTES"
43488782,"COOPERATIVA DE ECONOMIA E CRÉDITO MÚTUO DOS EMPREGADOS DO GRUPO FEMSA BRASIL","PADRAO AUDITORIA S/S"
88183173,"COOPERATIVA DE ECONOMIA E CRÉDITO MÚTUO DOS EMPREGADOS DO GRUPO PARAMOUNT","MBAUDIT - AUDITORES INDEPENDENTES S/S"
2232228,"COOPERATIVA DE ECONOMIA E CRÉDITO MÚTUO DOS EMPREGADOS DO GRUPO SBF LTDA. - COOPER ATIVA SBF","BAUER AUDITORES ASSOCIADOS"
62284385,"COOPERATIVA DE ECONOMIA E CRÉDITO MÚTUO DOS EMPREGADOS DO GRUPO SCHAEFFLER","PADRAO AUDITORIA S/S"
5658367,"COOPERATIVA DE ECONOMIA E CRÉDITO MÚTUO DOS EMPREGADOS DO SEBRAE BAHIA LTDA.","JOAO CARLOS SUBACZ"
92675578,"COOPERATIVA DE ECONOMIA E CRÉDITO MÚTUO DOS EMPREGADOS DO SISTEMA FIERGS - CRESUL","MBAUDIT - AUDITORES INDEPENDENTES S/S"
2230138,"COOPERATIVA DE ECONOMIA E CRÉDITO MÚTUO DOS EMPREGADOS DOS SUPERMERCADOS RUSSI","PADRAO AUDITORIA S/S"
92825397,"COOPERATIVA DE ECONOMIA E CRÉDITO MÚTUO DOS EMPREGADOS, APOSENTADOS E PENSIONISTAS DA COMPANHIA ESTADUAL DE ENERGIA ELÉTRICA E ELETRICITÁRIOS DO RIO GRANDE DO SUL   CRECE","MOORE PRISMA AUDITORES INDEPENDENTES"
9639338,"COOPERATIVA DE ECONOMIA E CRÉDITO MÚTUO DOS EMPRESÁRIOS DE PRAIA GRANDE E REGIÃO - SICOOB COOPERACE","PADRAO AUDITORIA S/S"
5841967,"COOPERATIVA DE ECONOMIA E CRÉDITO MÚTUO DOS FABRICANTES DE CALÇADOS DE SAPIRANGA LTDA.","D'AGOSTINI CONSULTORIA E AUDITORIA S/S"
43438662,"COOPERATIVA DE ECONOMIA E CRÉDITO MÚTUO DOS FUNCIONÁRIOS DA ABRIL","PADRAO AUDITORIA S/S"
45068632,"COOPERATIVA DE ECONOMIA E CRÉDITO MÚTUO DOS FUNCIONÁRIOS DA ACUMENT BRASIL","PADRAO AUDITORIA S/S"
41146382,"COOPERATIVA DE ECONOMIA E CRÉDITO MÚTUO DOS FUNCIONÁRIOS DA ASSEMBLÉIA LEGISLATIVA DO ESTADO DA PARAÍBA LTDA. -  COOPERLEGIS","IVANILDO ALVES MESSIAS"
1288797,"COOPERATIVA DE ECONOMIA E CRÉDITO MÚTUO DOS FUNCIONÁRIOS DA ASTRAZENECA DO BRASIL","PADRAO AUDITORIA S/S"
57038408,"COOPERATIVA DE ECONOMIA E CRÉDITO MÚTUO DOS FUNCIONÁRIOS DA BOMBRIL","FABRICIO KOEKE"
68228006,"COOPERATIVA DE ECONOMIA E CRÉDITO MÚTUO DOS FUNCIONÁRIOS DA CARGILL","PADRAO AUDITORIA S/S"
48718183,"COOPERATIVA DE ECONOMIA E CRÉDITO MÚTUO DOS FUNCIONÁRIOS DA ERICSSON - COOPERICSSON","PADRAO AUDITORIA S/S"
57259525,"COOPERATIVA DE ECONOMIA E CRÉDITO MÚTUO DOS FUNCIONÁRIOS DA FACULDADE DE CIÊNCIAS AGRÁRIAS E VETERINÁRIAS - CAMPUS DE JABOTICABAL/SP - COOPERFAC","PADRAO AUDITORIA S/S"
731320,"COOPERATIVA DE ECONOMIA E CRÉDITO MÚTUO DOS FUNCIONÁRIOS DA MORLAN - CRED MORLAN","MOORE PRISMA AUDITORES INDEPENDENTES"
9128022,"COOPERATIVA DE ECONOMIA E CRÉDITO MÚTUO DOS FUNCIONÁRIOS DA NAKATA","PADRAO AUDITORIA S/S"
62562012,"COOPERATIVA DE ECONOMIA E CRÉDITO MÚTUO DOS FUNCIONÁRIOS DA NESTLÉ - CREDI NESTLÉ","PADRAO AUDITORIA S/S"
48172860,"COOPERATIVA DE ECONOMIA E CRÉDITO MÚTUO DOS FUNCIONÁRIOS DA OWENS CORNING FIBERGLAS AMÉRICA DO SUL","PADRAO AUDITORIA S/S"
72952138,"COOPERATIVA DE ECONOMIA E CRÉDITO MÚTUO DOS FUNCIONÁRIOS DA SELENE","CONTROL AUDITORIA E CONTABILIDADE"
67341487,"COOPERATIVA DE ECONOMIA E CRÉDITO MÚTUO DOS FUNCIONÁRIOS DA TETRA PAK","PADRAO AUDITORIA S/S"
57440521,"COOPERATIVA DE ECONOMIA E CRÉDITO MÚTUO DOS FUNCIONÁRIOS DA TICKET SERVIÇOS COMÉRCIO E ADMINISTRAÇÃO","CONTROL AUDITORIA E CONTABILIDADE"
2541707,"COOPERATIVA DE ECONOMIA E CRÉDITO MÚTUO DOS FUNCIONÁRIOS DAS EMPRESAS DE CERÂMICA - COOPASPACER","PADRAO AUDITORIA S/S"
91018408,"COOPERATIVA DE ECONOMIA E CRÉDITO MÚTUO DOS FUNCIONÁRIOS DAS EMPRESAS DO GRUPO DANA - COOPDANA","LINEAR AUDITORES INDEPENDENTES SOCIEDADE SIMPLES"
1504952,"COOPERATIVA DE ECONOMIA E CRÉDITO MÚTUO DOS FUNCIONÁRIOS DAS EMPRESAS MELHORAMENTOS DE SÃO PAULO  COOPERMEL","PADRAO AUDITORIA S/S"
52046299,"COOPERATIVA DE ECONOMIA E CRÉDITO MÚTUO DOS FUNCIONÁRIOS DO ATACADÃO","PADRAO AUDITORIA S/S"
88952130,"COOPERATIVA DE ECONOMIA E CRÉDITO MÚTUO DOS FUNCIONÁRIOS DO GRUPO GERDAU - AÇOS FINOS PIRATINI","RAMIRES E CIA - AUDITORES INDEPENDENTES SOCIEDADE SIMPLES"
5548335,"COOPERATIVA DE ECONOMIA E CRÉDITO MÚTUO DOS FUNCIONÁRIOS DO GRUPO JAL LTDA.","MANDARINO & ASSOCIADOS AUDITORES"
44905255,"COOPERATIVA DE ECONOMIA E CRÉDITO MÚTUO DOS FUNCIONÁRIOS DO GRUPO LORENZETTI","PADRAO AUDITORIA S/S"
43182278,"COOPERATIVA DE ECONOMIA E CRÉDITO MÚTUO DOS FUNCIONÁRIOS DO GRUPO OWENS-ILLINOIS DO BRASIL","PADRAO AUDITORIA S/S"
75174953,"COOPERATIVA DE ECONOMIA E CRÉDITO MÚTUO DOS FUNCIONÁRIOS DO GRUPO VOTORANTIM LIMITADA.","GRUNITZKY - AUDITORES INDEPENDENTES S/S"
2115870,"COOPERATIVA DE ECONOMIA E CRÉDITO MÚTUO DOS FUNCIONÁRIOS PÚBLICOS MUNICIPAIS DE ITAPIRA - CREDITA","PADRAO AUDITORIA S/S"
51489318,"COOPERATIVA DE ECONOMIA E CRÉDITO MÚTUO DOS MAGISTRADOS DE SÃO PAULO - MAGISCRED","BAUER AUDITORES ASSOCIADOS"
1635462,"COOPERATIVA DE ECONOMIA E CRÉDITO MÚTUO DOS MÉDICOS DOS VALES DO TAQUARI E RIO PARDO E REGIÃO DA PRODUÇÃO LTDA","ERNST & YOUNG AUDITORES INDEPENDENTES S/S"
71479653,"COOPERATIVA DE ECONOMIA E CRÉDITO MÚTUO DOS MÉDICOS E DEMAIS PROFISSIONAIS DA ÁREA DE SAÚDE DE NÍVEL SUPERIOR DE JUIZ DE FORA LTDA. - UNICRED JUIZ DE FORA","SACHO - AUDITORES INDEPENDENTES"
6975532,"COOPERATIVA DE ECONOMIA E CRÉDITO MÚTUO DOS PEQUENOS EMPRESÁRIOS, MICROEMPRESÁRIOS E MICROEMPREENDEDORES DA REGIÃO METROPOLITANA DE PORTO ALEGRE - COOPESA","RAMIRES E CIA - AUDITORES INDEPENDENTES SOCIEDADE SIMPLES"
26758433,"COOPERATIVA DE ECONOMIA E CRÉDITO MÚTUO DOS PETROLEIROS NO ESTADO DE MINAS GERAIS LTDA. - COPETRO","LINEAR AUDITORES INDEPENDENTES SOCIEDADE SIMPLES"
7714057,"COOPERATIVA DE ECONOMIA E CRÉDITO MÚTUO DOS PROFISSIONAIS DA ÁREA NOTARIAL E REGISTRAL - COOPNORE","ERNST & YOUNG AUDITORES INDEPENDENTES S/S"
69346856,"COOPERATIVA DE ECONOMIA E CRÉDITO MÚTUO DOS PROFISSIONAIS DA SAÚDE DA REGIÃO DA ALTA MOGIANA - SICOOB CREDIMOGIANA","MOORE PRISMA AUDITORES INDEPENDENTES"
62928320,"COOPERATIVA DE ECONOMIA E CRÉDITO MÚTUO DOS SERVIDORES DA FEDERAÇÃO DO COMÉRCIO, SESC E SENAC DE SÃO PAULO","PADRAO AUDITORIA S/S"
52137361,"COOPERATIVA DE ECONOMIA E CRÉDITO MÚTUO DOS SERVIDORES DA PREFEITURA MUNICIPAL DE VOTORANTIM","CONTROL AUDITORIA E CONTABILIDADE"
69136075,"COOPERATIVA DE ECONOMIA E CRÉDITO MÚTUO DOS SERVIDORES DA UNESP - COOPUNESP","PADRAO AUDITORIA S/S"
2285107,"COOPERATIVA DE ECONOMIA E CRÉDITO MÚTUO DOS SERVIDORES DA UNIVERSIDADE ESTADUAL DE CAMPINAS - COOPERUNICAMP","CONTROL AUDITORIA E CONTABILIDADE"
778858,"COOPERATIVA DE ECONOMIA E CRÉDITO MÚTUO DOS SERVIDORES DO DISTRITO FEDERAL LTDA. - COOSERVCRED","HILDO JARDIM ALEGRIA"
512839,"COOPERATIVA DE ECONOMIA E CRÉDITO MÚTUO DOS SERVIDORES DO MUNICIPIO DE SANTO ANDRÉ - SP  SICOOB CECRESA","CONTROL AUDITORIA E CONTABILIDADE"
54190525,"COOPERATIVA DE ECONOMIA E CRÉDITO MÚTUO DOS SERVIDORES MUNICIPAIS DA REGIÃO METROPOLITANA DO VALE DO PARAÍBA E LITORAL NORTE - SICOOB-CRESSEM","D'AGOSTINI CONSULTORIA E AUDITORIA S/S"
991739,"COOPERATIVA DE ECONOMIA E CRÉDITO MÚTUO DOS SERVIDORES PÚBLICOS DA REGIÃO METROPOLITANA DE BELÉM - CREDISIS CREDBEM METROPOLITANA","MOORE PRISMA AUDITORES INDEPENDENTES"
3139644,"COOPERATIVA DE ECONOMIA E CRÉDITO MÚTUO DOS SERVIDORES PÚBLICOS DO ESTADO DE SÃO PAULO - CREDIPAULISTA","PADRAO AUDITORIA S/S"
3639902,"COOPERATIVA DE ECONOMIA E CRÉDITO MÚTUO DOS SERVIDORES PÚBLICOS DO PODER EXECUTIVO FEDERAL NO ESTADO DO ESPÍRITO SANTO - COOPSEFES","SACHO - AUDITORES INDEPENDENTES"
18310649,"COOPERATIVA DE ECONOMIA E CRÉDITO MÚTUO DOS SERVIDORES PÚBLICOS MUNICIPAIS EM JOÃO MONLEVADE LTDA. - COPREMON","EDIMAR WANDERLEY"
67915868,"COOPERATIVA DE ECONOMIA E CRÉDITO MÚTUO DOS TRABALHADORES DA CIA. DE PROCESSAMENTO DE DADOS DO ESTADO DE SÃO PAULO - CREDIPRODESP","RUSSELL BEDFORD BRASIL AUDITORES INDEPENDENTES S/S"
7494300,"COOPERATIVA DE ECONOMIA E CRÉDITO MÚTUO DOS TRABALHADORES NA ÁREA DE SAÚDE, AFINS E EMPRESÁRIOS VINCULADOS À ACCI DE ERECHIM-RS-CREDISUL","MBAUDIT - AUDITORES INDEPENDENTES S/S"
71384697,"COOPERATIVA DE ECONOMIA E CRÉDITO MÚTUO DOS TRABALHADORES NAS INDÚSTRIAS DE EXTRAÇÃO DE FERRO E METAIS BÁSICOS DA REGIÃO DE CONGONHAS LTDA. - COOFERSE","ANTONIO LUCIO PEREIRA SANTOS"
10719496,"COOPERATIVA DE ECONOMIA E CRÉDITO MÚTUO DOS TRABALHADORES NAS INDÚSTRIAS METALÚRGICAS, MECÂNICA E MATERIAL ELÉTRICO DE SÃO LEOPOLDO E REGIÃO - COOPERMETAL","ANEND AUDITORES INDEPENDENTES"
5591437,"COOPERATIVA DE ECONOMIA E CRÉDITO MÚTUO SERVIDORES PÚBLICOS ATIVOS, INATIVOS E PENSIONISTAS DA ADMINISTRAÇÃO DIRETA, INDIRETA E ASSEMBLÉIA LEGISLATIVA DO ESTADO DO RIO GRANDE SUL - COOPSERGS","HILDO JARDIM ALEGRIA"
4833655,"COOPERATIVA DE ECONOMIA E CRÉDITO MÚTUO SICOOB METALCRED","RUSSELL BEDFORD BRASIL AUDITORES INDEPENDENTES S/S"
65560658,"COOPERATIVA DE ECONOMIA E CRÉDITO MÚTUO SICOOB SANTA","D'AGOSTINI CONSULTORIA E AUDITORIA S/S"
95163002,"COOPERATIVA DE ECONOMIA E CRÉDITO MÚTUO UNICRED ELEVA LTDA.","ERNST & YOUNG AUDITORES INDEPENDENTES S/S"
1572667,"COOPERATIVA DE ECONOMIA E CRÉDITO MÚTUO UNICRED ERECHIM LTDA","ERNST & YOUNG AUDITORES INDEPENDENTES S/S"
1526924,"COOPERATIVA DE ECONOMIA E CRÉDITO MÚTUO UNICRED HORIZONTES LTDA - UNICRED HORIZONTES","ERNST & YOUNG AUDITORES INDEPENDENTES S/S"
73750424,"COOPERATIVA DE ECONOMIA E CRÉDITO MÚTUO UNICRED INTEGRAÇÃO LTDA.","ERNST & YOUNG AUDITORES INDEPENDENTES S/S"
2641032,"COOPERATIVA DE ECONOMIA E CRÉDITO MÚTUO UNICRED PONTO CAPITAL - UNICRED PONTO CAPITAL.","ERNST & YOUNG AUDITORES INDEPENDENTES S/S"
1705236,"COOPERATIVA DE ECONOMIA E CRÉDITO MÚTUO UNICRED REGIÃO DA CAMPANHA LTDA - UNICRED REGIÃO DA CAMPANHA","ERNST & YOUNG AUDITORES INDEPENDENTES S/S"
27171974,"COOPERÁGUIA - COOPERATIVA DE ECONOMIA E CRÉDITO MÚTUO DOS EMPREGADOS DO GRUPO ÁGUIA BRANCA","D'AGOSTINI CONSULTORIA E AUDITORIA S/S"
1658426,"COOPERFORTE - COOPERATIVA DE ECONOMIA E CRÉDITO MÚTUO DE FUNCIONÁRIOS DE INSTITUIÇÕES FINANCEIRAS PÚBLICAS FEDERAIS LTDA.","KPMG AUDITORES INDEPENDENTES."
83325811,"COOPERUFPA  - COOPERATIVA DE ECONOMIA E CRÉDITO MÚTUO DOS SERVIDORES PÚBLICOS FEDERAIS E ESTADUAIS E DAS ENTIDADES DE ENSINO COM SEUS RESPECTIVOS FUNCIONÁRIOS NO ESTADO DO PARÁ","MOORE PRISMA AUDITORES INDEPENDENTES"
68848563,"COOPESA-COOPERATIVA DE ECONOMIA E CREDITO MUTUO DOS FUNCIONARIOS DA COESA TRANSPORTES E EMPRESAS COLIGADAS LTDA","MANDARINO & ASSOCIADOS AUDITORES"
4995006,"COOPESTADO - COOPERATIVA DE ECONOMIA E CRÉDITO MÚTUO DOS SERVIDORES PÚBLICOS NA REGIÃO METROPOLITANA DO ESTADO DO RIO DE JANEIRO LIMITADA","MANDARINO & ASSOCIADOS AUDITORES"
41219353,"COOPSEBRAE - COOPERATIVA DE CRÉDITO MÚTUO DOS FUNCIONÁRIOS DO SEBRAE/PB, SEBRAE/RN E SESC, SENAC E SENAR EM JOÃO PESSOA","IDERALDO LUIZ AGOSTINHO DE MORAES"
2723075,"COOPSERJ - COOPERATIVA DE CRÉDITO MÚTUO DOS SERVIDORES PÚBLICOS DO PODER EXECUTIVO DO ESTADO DO RIO DE JANEIRO LTDA.","MANDARINO & ASSOCIADOS AUDITORES"
23241540,"CREBEL - COOPERATIVA DE ECONOMIA E CRÉDITO MÚTUO DOS COLABORADORES DAS EMPRESAS BELGO BEKAERT - CREBEL LTDA.","BAUER AUDITORES ASSOCIADOS"
4899135,"CREDEXTRA - COOPERATIVA DE ECONOMIA E CRÉDITO MÚTUO DOS EMPREGADOS DA REALMAR DISTRIBUIDORA LTDA","SACHO - AUDITORES INDEPENDENTES"
78157146,"CREDIALIANÇA COOPERATIVA DE CRÉDITO RURAL","JOAO CARLOS SUBACZ"
81723108,"CREDICOAMO CREDITO RURAL COOPERATIVA","ERNST & YOUNG AUDITORES INDEPENDENTES S/S"
62109566,"CREDISAN COOPERATIVA DE CRÉDITO","APPROACH AUDITORES INDEPENDENTES S/S"
4632856,"CREDISIS - CENTRAL DE COOPERATIVAS DE CRÉDITO LTDA.","MOORE PRISMA AUDITORES INDEPENDENTES"
5439425,"CREDISIS CAPITALCREDI - COOPERATIVA DE CRÉDITO DE LIVRE ADMISSÃO DO ACRE LTDA","MOORE PRISMA AUDITORES INDEPENDENTES"
3222753,"CREDISIS CREDIARI - COOPERATIVA DE CRÉDITO LTDA.","MOORE PRISMA AUDITORES INDEPENDENTES"
5597773,"CREDISIS CREDIBRÁS COOPERATIVA DE CRÉDITO E INVESTIMENTO DE LIVRE ADMISSÃO DO OESTE DE RONDÔNIA","MOORE PRISMA AUDITORES INDEPENDENTES"
2309070,"CREDISIS JICRED  COOPERATIVA DE CRÉDITO DE LIVRE ADMISSÃO JICRED","MOORE PRISMA AUDITORES INDEPENDENTES"
4985665,"CREDISIS OESTE - COOPERATIVA DE CRÉDITO E INVESTIMENTO DO OESTE","MOORE PRISMA AUDITORES INDEPENDENTES"
3985375,"CREDISIS SUDOESTE/RO - COOPERATIVA DE CRÉDITO E INVESTIMENTO DO SUDOESTE DE RONDÔNIA LTDA.","MOORE PRISMA AUDITORES INDEPENDENTES"
4608925,"CREDJUST - COOPERATIVA DE CRÉDITO MÚTUO DOS INTEGRANTES DA JUSTIÇA DO TRABALHO DA 13ª REGIÃO LTDA.","FRANCISCO ASSIS DE SOUSA"
28145589,"CRETOVALE - COOPERATIVA DE ECONOMIA E CRÉDITO MÚTUO DOS TRABALHADORES DA VALE","D'AGOSTINI CONSULTORIA E AUDITORIA S/S"
2347114,"GREENCRED - COOPERATIVA DE CREDITO","RUSSELL BEDFORD BRASIL AUDITORES INDEPENDENTES S/S"
3575699,"MEDCRED COOPERATIVA DE CRÉDITO","CONTROL AUDITORIA E CONTABILIDADE"
3973814,"SERVICOOP - COOPERATIVA DE CRÉDITO DOS SERVIDORES PÚBLICOS ESTADUAIS DO RIO GRANDE DO SUL","MBAUDIT - AUDITORES INDEPENDENTES S/S"
71328769,"SICOOB COCRED COOPERATIVA DE CRÉDITO","PRICEWATERHOUSECOOPERS AUDITORES INDEPENDENTES"
86913993,"SICREDI CARIRI - COOPERATIVA DE CRÉDITO DA REGIÃO DO CARIRI","ERNST & YOUNG AUDITORES INDEPENDENTES S/S"
72257793,"SICREDI CEARÁ CENTRO NORTE - COOPERATIVA DE CRÉDITO DA REGIÃO CENTRO NORTE DO CEARÁ","ERNST & YOUNG AUDITORES INDEPENDENTES S/S"
5545390,"SICREDI COOMAMP - COOPERATIVA DE CRÉDITO DOS MEMBROS DE INSTITUIÇÕES PÚBLICAS DAS CARREIRAS JURÍDICAS E DOS SERVIDORES PÚBLICOS FEDERAIS, ESTADUAIS E MUNICIPAIS EM SÃO LUÍS/MA E MUNICÍPIOS CIRCUNVIZIN","ERNST & YOUNG AUDITORES INDEPENDENTES S/S"
3428338,"SICREDI CREDUNI - COOPERATIVA DE ECONOMIA E CRÉDITO MÚTUO DOS SERV DAS INST PÚBLICAS DE ENSINO SUPERIOR DO ESTADO DA PARAÍBA E DAS DEMAIS INSTITUIÇÕES E ÓRGÃOS PÚBLICOS NO ESTADO DA PARAIBA LTDA.","ERNST & YOUNG AUDITORES INDEPENDENTES S/S"
41180092,"SICREDI EXPANSÃO - COOPERATIVA DE CRÉDITO","ERNST & YOUNG AUDITORES INDEPENDENTES S/S"
83315408,"SICREDI NORTE - COOPERATIVA DE CRÉDITO","ERNST & YOUNG AUDITORES INDEPENDENTES S/S"
39231527,"UNICRED COSTA DO SOL RJ - COOPERATIVA DE ECONOMIA E CRÉDITO MÚTUO LTDA.","ERNST & YOUNG AUDITORES INDEPENDENTES S/S"
4445917,"UNICRED REGIONAL NORTE LAGOS - COOPERATIVA DE ECONOMIA E CRÉDITO MÚTUO REGIONAL NORTE LAGOS LTDA","ERNST & YOUNG AUDITORES INDEPENDENTES S/S"
1736243,"UNIPRIME ALLIANCE - COOPERATIVA DE ECONOMIA E CRÉDITO MÚTUO","BAUER AUDITORES ASSOCIADOS"
3046391,"UNIPRIME CENTRAL - CENTRAL INTERESTADUAL DE COOPERATIVAS DE CREDITO LTDA.","BAUER AUDITORES ASSOCIADOS"
73647935,"UNIPRIME CENTRO-OESTE DO BRASIL - COOPERATIVA DE CRÉDITO","BAUER AUDITORES ASSOCIADOS"
1848322,"UNIPRIME DO IGUAÇU - COOPERATIVA DE CRÉDITO, POUPANÇA E INVESTIMENTO","BAUER AUDITORES ASSOCIADOS"
2398976,"UNIPRIME NORTE DO PARANÁ - COOPERATIVA DE CRÉDITO LTDA","BAUER AUDITORES ASSOCIADOS"
1286361,"UNIPRIME PIONEIRA COOPERATIVA DE CRÉDITO","BAUER AUDITORES ASSOCIADOS"
37554441,"UNIPRIME SUL MS - COOPERATIVA DE CRÉDITO","BAUER AUDITORES ASSOCIADOS"
